{"idList": ["server", "30", "42", "466", "56", "202", "240", "19", "237", "426", "477", "424", "183", "238", "88", "152", "254", "100", "360", "330", "389", "411", "162", "73", "401", "380", "491", "67", "159", "382", "98", "64", "86", "441", "77", "341", "384", "136", "89", "40", "399", "443", "217", "387", "157", "355", "27", "272", "48", "460", "374"], "pos": [[0.5, 0.5], [0.3689560466619477, 0.8437769536441546], [0.5277950394485617, 0.4124603023002015], [0.579792764837969, 0.44446847701194736], [0.5522412780169156, 0.6560182506859369], [0.8169782021309735, 0.5149324480107268], [0.271713122362002, 0.7039710996576012], [0.11475388708421802, 0.359906315662716], [0.5678750126717662, 0.5687752125574485], [0.6675651335996668, 0.18854443762874878], [0.5935466485913189, 0.38371657012908955], [0.658553938197409, 0.5237519849054595], [0.4040080902967659, 0.44858079899491576], [0.4864664981157176, 0.7000185090334425], [0.43001103722054596, 0.35092264048609667], [0.7669370658329728, 0.6710350336432522], [0.7832204199536088, 0.4896295853888953], [0.3546692682006879, 0.447760530532816], [0.27642089941325854, 0.24159074196344793], [0.5907800213211001, 0.7609216146116232], [0.7269055051564882, 0.7133635758398702], [0.5339088614136797, 0.8311719520285454], [0.560287498876235, 0.5281596534923035], [0.5504982400072518, 0.257811650289137], [0.3345531774576334, 0.5416999099800075], [0.7357319734421414, 0.5876362784715824], [0.8585308407283727, 0.2355860862399335], [0.374206653550466, 0.302722286201084], [0.4657477139331817, 0.09999999999999998], [0.17089096806940085, 0.6169025964237471], [0.6961354772719518, 0.27884546042226976], [0.6725171699961201, 0.8044938843849591], [0.2669532499702737, 0.5304387032155333], [0.39371297701327135, 0.7009097813848613], [0.6046727926261519, 0.30064369030811167], [0.407855016888511, 0.645508043539271], [0.7784220896320406, 0.37242691471631895], [0.42683597169742715, 0.5607012955794501], [0.24954452304105407, 0.36271193756814046], [0.505489577401195, 0.5792546705480383], [0.6500463788129003, 0.697674279089664], [0.7257901687514403, 0.39885508984234963], [0.5532761477397953, 0.17786281072736582], [0.44563919671447544, 0.8303248696188856], [0.4654690343907336, 0.249917557193308], [0.1997248748393604, 0.5280687194420657], [0.6596959948750934, 0.615222914366197], [0.452176577486774, 0.39833465050646366], [0.3445214014208223, 0.21678369044822865], [0.2929734518642122, 0.4430339716674658], [0.3201097867579497, 0.7649144214449256]], "isNormal": [1, 1, 1, 1, 1, 1, 1, 1, 1, 1, 1, 1, 1, 0, 1, 1, 0, 1, 0, 1, 1, 1, 1, 1, 1, 1, 1, 1, 1, 1, 1, 0, 1, 1, 1, 1, 1, 1, 1, 1, 1, 0, 1, 1, 1, 1, 0, 1, 1, 1, 1]}